pos_x,pos_y,rotation,side,designator,mpn,pack,footprint,value,mount_type
78.35,-92.35,90.0,top,C1,10uF 1206 X7R,,C_1206_3216Metric,10μF,smt
88.965,-119.91,180.0,top,C10,100nF 0603 X7R,,C_0603_1608Metric,100nF,smt
88.965,-124.4,180.0,top,C11,100nF 0603 X7R,,C_0603_1608Metric,100nF,smt
96.23,-134.1,-90.0,top,C12,100nF 0603 X7R,,C_0603_1608Metric,100nF,smt
105.36,-101.865,90.0,top,C13,100nF 0603 X7R,,C_0603_1608Metric,100nF,smt
107.26,-134.12,-90.0,top,C14,100nF 0603 X7R,,C_0603_1608Metric,100nF,smt
88.965,-122.9,180.0,top,C15,2.2uF 0603 X7R,,C_0603_1608Metric,2.2μF,smt
112.69,-134.12,-90.0,top,C16,2.2uF 0603 X7R,,C_0603_1608Metric,2.2μF,smt
97.37,-101.865,90.0,top,C17,100nF 0603 X7R,,C_0603_1608Metric,100nF,smt
89.84,-115.355,180.0,top,C2,100nF 0603 X7R,,C_0603_1608Metric,100nF,smt
108.72,-134.12,-90.0,top,C21,1uF 0603 X7R,,C_0603_1608Metric,1μF,smt
109.38,-101.865,90.0,top,C22,100nF 0603 X7R,,C_0603_1608Metric,100nF,smt
113.89,-101.865,90.0,top,C23,100nF 0603 X7R,,C_0603_1608Metric,100nF,smt
121.365,-109.12,0.0,top,C24,100nF 0603 X7R,,C_0603_1608Metric,100nF,smt
95.04,-101.36,135.0,top,C25,100nF 0603 X7R,,C_0603_1608Metric,100nF,smt
67.6177,-102.869811,180.0,top,C26,10uF 1206 X7R,,C_0603_1608Metric,10μF,smt
67.6177,-101.369811,180.0,top,C27,0.1uF 0603 X7R,,C_0603_1608Metric,0.1μF,smt
67.6177,-104.359811,180.0,top,C28,1uF 0603 X7R,,C_0603_1608Metric,1μF,smt
71.38,-105.07,-90.0,top,C29,0.1uF 0603 X7R,,C_0603_1608Metric,0.1μF,smt
90.34,-107.14,135.0,top,C3,100nF 0603 X7R,,C_0603_1608Metric,100nF,smt
69.867889,-105.052511,-90.0,top,C30,10uF 1206 X7R,,C_0603_1608Metric,10μF,smt
76.73,-103.2,0.0,top,C31,0.1uF 0603 X7R,,C_0603_1608Metric,0.1μF,smt
76.735,-101.7,0.0,top,C32,10uF 1206 X7R,,C_0603_1608Metric,10μF,smt
67.6427,-98.349811,180.0,top,C33,47uF 0603 X7R,,C_0603_1608Metric,47μF,smt
66.7827,-99.839811,180.0,top,C34,47uF 0603 X7R,,C_0603_1608Metric,47μF,smt
88.965,-126.47,0.0,top,C35,100nF 0603 X7R,,C_0603_1608Metric,100nF,smt
88.965,-127.95,0.0,top,C36,100nF 0603 X7R,,C_0603_1608Metric,100nF,smt
88.965,-118.4,0.0,top,C37,100nF 0603 X7R,,C_0603_1608Metric,100nF,smt
88.965,-121.41,0.0,top,C38,100nF 0603 X7R,,C_0603_1608Metric,100nF,smt
83.83,-105.75,180.0,top,C39,100nF 0603 X7R,,C_0603_1608Metric,100nF,smt
101.85,-134.109312,-90.0,top,C4,100nF 0603 X7R,,C_0603_1608Metric,100nF,smt
70.08,-119.54,180.0,top,C40,100nF 0603 X7R,,C_0603_1608Metric,100nF,smt
70.15,-124.35,180.0,top,C41,100nF 0603 X7R,,C_0603_1608Metric,100nF,smt
80.65,-92.35,90.0,top,C42,10uF 1206 X7R,,C_1206_3216Metric,10μF,smt
98.84,-101.865,90.0,top,C43,1uF 0603 X7R,,C_0603_1608Metric,1μF,smt
114.18,-134.12,-90.0,top,C5,100nF 0603 X7R,,C_0603_1608Metric,100nF,smt
121.365,-127.17,0.0,top,C6,100nF 0603 X7R,,C_0603_1608Metric,100nF,smt
121.365,-120.64,0.0,top,C7,100nF 0603 X7R,,C_0603_1608Metric,100nF,smt
121.365,-115.62,0.0,top,C8,100nF 0603 X7R,,C_0603_1608Metric,100nF,smt
100.3,-101.865,90.0,top,C9,100nF 0603 X7R,,C_0603_1608Metric,100nF,smt
100.79,-120.39,0.0,top,CN0295D LCD,,,CN0295D,CN0295D,tht
83.63,-91.4825,90.0,top,D1,SS14,,D_SMA,SS14,smt
139.68,-143.99,-90.0,bottom,D2,SK6812MINI-E,,LED_SK6812MINI-E_3.2x2.8mm_P1.5mm_ReverseMount,SK6812MINI-E,smt
139.67,-153.225,-90.0,bottom,D3,SK6812MINI-E,,LED_SK6812MINI-E_3.2x2.8mm_P1.5mm_ReverseMount,SK6812MINI-E,smt
127.83,-153.2,180.0,bottom,D4,SK6812MINI-E,,LED_SK6812MINI-E_3.2x2.8mm_P1.5mm_ReverseMount,SK6812MINI-E,smt
108.726667,-153.2,180.0,bottom,D5,SK6812MINI-E,,LED_SK6812MINI-E_3.2x2.8mm_P1.5mm_ReverseMount,SK6812MINI-E,smt
89.623333,-153.2,180.0,bottom,D6,SK6812MINI-E,,LED_SK6812MINI-E_3.2x2.8mm_P1.5mm_ReverseMount,SK6812MINI-E,smt
70.52,-153.2,180.0,bottom,D7,SK6812MINI-E,,LED_SK6812MINI-E_3.2x2.8mm_P1.5mm_ReverseMount,SK6812MINI-E,smt
72.71,-91.49,0.0,top,H1,DNP,,MountingHole_3.2mm_M3_DIN965_Pad,MountingHole_Pad,tht
131.91,-91.49,0.0,top,H2,DNP,,MountingHole_3.2mm_M3_DIN965_Pad,MountingHole_Pad,tht
131.89,-135.1,0.0,top,H3,DNP,,MountingHole_3.2mm_M3_DIN965_Pad,MountingHole_Pad,tht
72.69,-135.1,0.0,top,H4,DNP,,MountingHole_3.2mm_M3_DIN965_Pad,MountingHole_Pad,tht
122.84,-84.9,180.0,top,J1,FTSH-107-01-F-DV-K-P-TR,,CONN-SMD_14P-P1.27_FTSH-107-01-F-DV-K-P-TR,Conn_ST_STDC14,tht
145.64,-97.667727,0.0,top,J10,BM04B-SRSS-TB,,JST_SH_BM04B-SRSS-TB_1x04-1MP_P1.00mm_Vertical,Conn_01x04,smt
145.64,-102.956363,0.0,top,J11,BM04B-SRSS-TB,,JST_SH_BM04B-SRSS-TB_1x04-1MP_P1.00mm_Vertical,Conn_01x04,smt
145.64,-134.688182,0.0,top,J12,BM04B-SRSS-TB,,JST_SH_BM04B-SRSS-TB_1x04-1MP_P1.00mm_Vertical,Conn_01x04,smt
153.53,-134.688182,0.0,top,J13,BM04B-SRSS-TB,,JST_SH_BM04B-SRSS-TB_1x04-1MP_P1.00mm_Vertical,Conn_01x04,smt
153.53,-129.399545,0.0,top,J14,BM04B-SRSS-TB,,JST_SH_BM04B-SRSS-TB_1x04-1MP_P1.00mm_Vertical,Conn_01x04,smt
145.64,-129.399545,0.0,top,J15,BM04B-SRSS-TB,,JST_SH_BM04B-SRSS-TB_1x04-1MP_P1.00mm_Vertical,Conn_01x04,smt
153.53,-124.110909,0.0,top,J16,BM04B-SRSS-TB,,JST_SH_BM04B-SRSS-TB_1x04-1MP_P1.00mm_Vertical,Conn_01x04,smt
153.53,-118.822272,0.0,top,J17,BM04B-SRSS-TB,,JST_SH_BM04B-SRSS-TB_1x04-1MP_P1.00mm_Vertical,Conn_01x04,smt
145.64,-118.822272,0.0,top,J18,BM04B-SRSS-TB,,JST_SH_BM04B-SRSS-TB_1x04-1MP_P1.00mm_Vertical,Conn_01x04,smt
145.64,-124.110909,0.0,top,J19,BM04B-SRSS-TB,,JST_SH_BM04B-SRSS-TB_1x04-1MP_P1.00mm_Vertical,Conn_01x04,smt
78.29,-82.77,180.0,top,J2,USB4105-GF-A,,USB_C_Receptacle_GCT_USB4105-xx-A_16P_TopMnt_Horizontal,USB_C_Receptacle_USB2.0_16P,smt
145.64,-155.842727,0.0,top,J20,BM04B-SRSS-TB,,JST_SH_BM04B-SRSS-TB_1x04-1MP_P1.00mm_Vertical,Conn_01x04,smt
153.53,-155.842727,0.0,top,J21,BM04B-SRSS-TB,,JST_SH_BM04B-SRSS-TB_1x04-1MP_P1.00mm_Vertical,Conn_01x04,smt
153.53,-150.554091,0.0,top,J22,BM04B-SRSS-TB,,JST_SH_BM04B-SRSS-TB_1x04-1MP_P1.00mm_Vertical,Conn_01x04,smt
145.64,-150.554091,0.0,top,J23,BM04B-SRSS-TB,,JST_SH_BM04B-SRSS-TB_1x04-1MP_P1.00mm_Vertical,Conn_01x04,smt
153.53,-145.265454,0.0,top,J24,BM04B-SRSS-TB,,JST_SH_BM04B-SRSS-TB_1x04-1MP_P1.00mm_Vertical,Conn_01x04,smt
153.53,-139.976818,0.0,top,J25,BM04B-SRSS-TB,,JST_SH_BM04B-SRSS-TB_1x04-1MP_P1.00mm_Vertical,Conn_01x04,smt
145.64,-139.976818,0.0,top,J26,BM04B-SRSS-TB,,JST_SH_BM04B-SRSS-TB_1x04-1MP_P1.00mm_Vertical,Conn_01x04,smt
145.64,-145.265454,0.0,top,J27,BM04B-SRSS-TB,,JST_SH_BM04B-SRSS-TB_1x04-1MP_P1.00mm_Vertical,Conn_01x04,smt
155.22,-90.35,0.0,top,J3,DNP,,PinSocket_1x01_P2.54mm_Vertical,Conn_01x01_Socket,tht
145.64,-113.533636,0.0,top,J4,BM04B-SRSS-TB,,JST_SH_BM04B-SRSS-TB_1x04-1MP_P1.00mm_Vertical,Conn_01x04,smt
139.84,-90.34,0.0,top,J44,1719710005,,Molex_SL_171971-0005_1x05_P2.54mm_Vertical,Conn_01x05,tht
62.17,-116.14,180.0,top,J45,DNP,,PinHeader_1x04_P2.54mm_Vertical,Conn_01x04_Socket,tht
155.16,-82.76,-90.0,top,J46,DNP,,PinHeader_2x10_P2.54mm_Vertical,Conn_02x10_Counter_Clockwise,tht
92.325,-87.175,180.0,top,J48,DM3D-SF,,microSD_HC_Hirose_DM3D-SF,Micro_SD_Card_Det_Hirose_DM3AT,smt
66.37,-85.97,0.0,top,J49,  SJ-3524-SMT-TR,,Jack_3.5mm_CUI_SJ-3524-SMT_Horizontal,AudioJack3_SwitchT,smt
153.53,-113.533636,0.0,top,J5,BM04B-SRSS-TB,,JST_SH_BM04B-SRSS-TB_1x04-1MP_P1.00mm_Vertical,Conn_01x04,smt
153.53,-108.245,0.0,top,J6,BM04B-SRSS-TB,,JST_SH_BM04B-SRSS-TB_1x04-1MP_P1.00mm_Vertical,Conn_01x04,smt
145.64,-108.245,0.0,top,J7,BM04B-SRSS-TB,,JST_SH_BM04B-SRSS-TB_1x04-1MP_P1.00mm_Vertical,Conn_01x04,smt
153.53,-102.956363,0.0,top,J8,BM04B-SRSS-TB,,JST_SH_BM04B-SRSS-TB_1x04-1MP_P1.00mm_Vertical,Conn_01x04,smt
153.53,-97.667727,0.0,top,J9,BM04B-SRSS-TB,,JST_SH_BM04B-SRSS-TB_1x04-1MP_P1.00mm_Vertical,Conn_01x04,smt
65.51,-121.58,90.0,top,Q1,BSS138,,SOT-23,BSS138,smt
62.0,-121.58,90.0,top,Q2,BSS138,,SOT-23,BSS138,smt
115.74,-90.68,-90.0,top,R1,10k 0603,,R_0603_1608Metric,10kΩ,smt
131.76,-106.22,-90.0,top,R10,2.2k 0603,,R_0603_1608Metric,2.2kΩ,smt
61.99,-124.35,0.0,top,R100,10k 0603,,R_0603_1608Metric,10kΩ,smt
61.92,-118.82,0.0,top,R101,10k 0603,,R_0603_1608Metric,10kΩ,smt
133.985,-102.49,0.0,top,R11,2.2k 0603,,R_0603_1608Metric,2.2kΩ,smt
133.985,-103.97,0.0,top,R12,2.2k 0603,,R_0603_1608Metric,2.2kΩ,smt
133.985,-99.49,0.0,top,R13,2.2k 0603,,R_0603_1608Metric,2.2kΩ,smt
133.985,-100.99,0.0,top,R14,2.2k 0603,,R_0603_1608Metric,2.2kΩ,smt
132.03,-97.26,90.0,top,R15,2.2k 0603,,R_0603_1608Metric,2.2kΩ,smt
133.51,-97.26,90.0,top,R16,2.2k 0603,,R_0603_1608Metric,2.2kΩ,smt
129.09,-97.26,90.0,top,R17,2.2k 0603,,R_0603_1608Metric,2.2kΩ,smt
130.55,-97.26,90.0,top,R18,2.2k 0603,,R_0603_1608Metric,2.2kΩ,smt
126.11,-97.26,90.0,top,R19,2.2k 0603,,R_0603_1608Metric,2.2kΩ,smt
115.74,-82.23,-90.0,top,R2,10k 0603,,R_0603_1608Metric,10kΩ,smt
127.58,-97.26,90.0,top,R20,2.2k 0603,,R_0603_1608Metric,2.2kΩ,smt
65.63,-124.32,0.0,top,R21,10k 0603,,R_0603_1608Metric,10kΩ,smt
65.5,-118.8,180.0,top,R22,10k 0603,,R_0603_1608Metric,10kΩ,smt
121.365,-113.38,0.0,top,R23,10k 0603,,R_0603_1608Metric,10kΩ,smt
121.365,-111.87,0.0,top,R24,10k 0603,,R_0603_1608Metric,10kΩ,smt
131.4225,-118.28,-90.0,top,R25,2.2k 0603,,R_0603_1608Metric,2.2kΩ,smt
129.9525,-118.28,-90.0,top,R26,2.2k 0603,,R_0603_1608Metric,2.2kΩ,smt
134.3825,-118.28,-90.0,top,R27,2.2k 0603,,R_0603_1608Metric,2.2kΩ,smt
132.8925,-118.28,-90.0,top,R28,2.2k 0603,,R_0603_1608Metric,2.2kΩ,smt
137.3425,-118.28,-90.0,top,R29,2.2k 0603,,R_0603_1608Metric,2.2kΩ,smt
80.31,-88.5725,0.0,top,R3,5.1k 0603,,R_0603_1608Metric,5.1kΩ,smt
135.8725,-118.28,-90.0,top,R30,2.2k 0603,,R_0603_1608Metric,2.2kΩ,smt
138.0675,-114.595,0.0,top,R31,2.2k 0603,,R_0603_1608Metric,2.2kΩ,smt
138.0675,-116.055,0.0,top,R32,2.2k 0603,,R_0603_1608Metric,2.2kΩ,smt
138.0675,-111.645,0.0,top,R33,2.2k 0603,,R_0603_1608Metric,2.2kΩ,smt
138.0675,-113.115,0.0,top,R34,2.2k 0603,,R_0603_1608Metric,2.2kΩ,smt
136.2125,-109.395,90.0,top,R35,2.2k 0603,,R_0603_1608Metric,2.2kΩ,smt
137.6825,-109.395,90.0,top,R36,2.2k 0603,,R_0603_1608Metric,2.2kΩ,smt
133.2725,-109.395,90.0,top,R37,2.2k 0603,,R_0603_1608Metric,2.2kΩ,smt
134.7425,-109.395,90.0,top,R38,2.2k 0603,,R_0603_1608Metric,2.2kΩ,smt
130.3425,-109.395,90.0,top,R39,2.2k 0603,,R_0603_1608Metric,2.2kΩ,smt
75.95,-88.26,180.0,top,R4,5.1k 0603,,R_0603_1608Metric,5.1kΩ,smt
131.8025,-109.395,90.0,top,R40,2.2k 0603,,R_0603_1608Metric,2.2kΩ,smt
88.965,-102.77,180.0,top,R41,1k 0603,,R_0603_1608Metric,1kΩ,smt
88.965,-104.243669,180.0,top,R42,1k 0603,,R_0603_1608Metric,1kΩ,smt
130.8675,-130.5175,-90.0,top,R43,2.2k 0603,,R_0603_1608Metric,2.2kΩ,smt
129.365,-130.5125,-90.0,top,R44,2.2k 0603,,R_0603_1608Metric,2.2kΩ,smt
133.7975,-130.5175,-90.0,top,R45,2.2k 0603,,R_0603_1608Metric,2.2kΩ,smt
132.3275,-130.5175,-90.0,top,R46,2.2k 0603,,R_0603_1608Metric,2.2kΩ,smt
136.7375,-130.5175,-90.0,top,R47,2.2k 0603,,R_0603_1608Metric,2.2kΩ,smt
135.2775,-130.5175,-90.0,top,R48,2.2k 0603,,R_0603_1608Metric,2.2kΩ,smt
137.465,-126.75,0.0,top,R49,2.2k 0603,,R_0603_1608Metric,2.2kΩ,smt
127.28,-106.22,-90.0,top,R5,2.2k 0603,,R_0603_1608Metric,2.2kΩ,smt
137.465,-128.26,0.0,top,R50,2.2k 0603,,R_0603_1608Metric,2.2kΩ,smt
137.465,-123.8,0.0,top,R51,2.2k 0603,,R_0603_1608Metric,2.2kΩ,smt
137.465,-125.29,0.0,top,R52,2.2k 0603,,R_0603_1608Metric,2.2kΩ,smt
135.5675,-121.54,90.0,top,R53,2.2k 0603,,R_0603_1608Metric,2.2kΩ,smt
137.0975,-121.54,90.0,top,R54,2.2k 0603,,R_0603_1608Metric,2.2kΩ,smt
132.6175,-121.54,90.0,top,R55,2.2k 0603,,R_0603_1608Metric,2.2kΩ,smt
134.0875,-121.54,90.0,top,R56,2.2k 0603,,R_0603_1608Metric,2.2kΩ,smt
129.69,-121.53,90.0,top,R57,2.2k 0603,,R_0603_1608Metric,2.2kΩ,smt
131.1575,-121.54,90.0,top,R58,2.2k 0603,,R_0603_1608Metric,2.2kΩ,smt
64.35,-140.28,0.0,top,R59,10k 0603,,R_0603_1608Metric,10kΩ,smt
125.76,-106.22,-90.0,top,R6,2.2k 0603,,R_0603_1608Metric,2.2kΩ,smt
83.456667,-140.28,0.0,top,R60,10k 0603,,R_0603_1608Metric,10kΩ,smt
130.26,-106.22,-90.0,top,R7,2.2k 0603,,R_0603_1608Metric,2.2kΩ,smt
102.563333,-140.28,0.0,top,R77,10k 0603,,R_0603_1608Metric,10kΩ,smt
121.67,-140.28,0.0,top,R78,10k 0603,,R_0603_1608Metric,10kΩ,smt
128.78,-106.22,-90.0,top,R8,2.2k 0603,,R_0603_1608Metric,2.2kΩ,smt
133.24,-106.22,-90.0,top,R9,2.2k 0603,,R_0603_1608Metric,2.2kΩ,smt
104.0,-84.87,180.0,top,R95,47k 0603,,R_0603_1608Metric,47kΩ,smt
104.0,-87.82,180.0,top,R96,47k 0603,,R_0603_1608Metric,47kΩ,smt
104.0,-86.36,180.0,top,R97,47k 0603,,R_0603_1608Metric,47kΩ,smt
104.0,-82.97,180.0,top,R98,47k 0603,,R_0603_1608Metric,47kΩ,smt
103.99,-81.49,180.0,top,R99,47k 0603,,R_0603_1608Metric,47kΩ,smt
106.99,-82.25,0.0,top,SW1,DNP,,SW_PUSH_6mm,SW_Push,tht
106.99,-90.69,0.0,top,SW2,DNP,,SW_PUSH_6mm,SW_Push,tht
70.483333,-148.45,180.0,bottom,SW3,DNP,,MX-Hotswap-1U,SW_Push,smt
89.596666,-148.45,180.0,bottom,SW4,DNP,,MX-Hotswap-1U,SW_Push,smt
108.71,-148.45,180.0,bottom,SW5,DNP,,MX-Hotswap-1U,SW_Push,smt
127.823333,-148.45,180.0,bottom,SW6,DNP,,MX-Hotswap-1U,SW_Push,smt
71.99,-100.37,90.0,top,U1,TAC5212IRGER,,VQFN24_RGE_CORNERPADS_TEX-L,TAC5212IRGER,smt
78.54,-117.91,180.0,top,U10,W9812G6KH-75,,TSOP-II-54_22.2x10.16mm_P0.8mm,W9812G6KH-75,smt
81.97,-99.6,-90.0,top,U11,LM1117MP-3.3,,SOT-223-3_TabPin2,LM1117MP-3.3,smt
75.08,-95.48,-135.0,top,U2,USBLC6-2P6,,SOT-666,USBLC6-2P6,smt
129.18,-101.7475,90.0,top,U4,TCA9548ARGER,,Texas_RGE0024C_VQFN-24-1EP_4x4mm_P0.5mm_EP2.1x2.1mm,TCA9548ARGER,smt
133.2525,-113.8625,90.0,top,U5,TCA9548ARGER,,Texas_RGE0024C_VQFN-24-1EP_4x4mm_P0.5mm_EP2.1x2.1mm,TCA9548ARGER,smt
132.66,-126.0425,90.0,top,U6,TCA9548ARGER,,Texas_RGE0024C_VQFN-24-1EP_4x4mm_P0.5mm_EP2.1x2.1mm,TCA9548ARGER,smt
105.61,-117.91,-90.0,top,U9,STM32H743IIT,,LQFP-176_24x24mm_P0.5mm,STM32H743IITx,smt
